index,feature,tier,feature_group,feature_weight,mean,std,min,max
1,volatility_6m,tier_4_downweighted_context,risk_drawdown,0.65,0.083560586,0.004390211,0.0788523,0.090785645
2,intraday_range_mean_3m,tier_4_downweighted_context,volatility_frequency,0.9,0.08343728,0.00736572,0.07509981,0.093292244
3,intraday_range_mean_6m,tier_4_downweighted_context,volatility_frequency,0.9,0.06182297,0.0033680934,0.056537114,0.06584484
4,atr_14_to_price,tier_4_downweighted_context,unclassified,0.85,0.024967384,0.0012262029,0.022902064,0.025975715
5,in_manual_core,tier_4_downweighted_context,etf_source,0.55,0.020797478,0.0007290306,0.020111749,0.021872586
6,volatility_3m,tier_4_downweighted_context,risk_drawdown,0.65,0.015404681,0.0043653124,0.012631604,0.02308494
7,in_large_cap_core,tier_4_downweighted_context,etf_source,0.55,0.013442924,0.0011366818,0.012330751,0.01475455
8,liquid_vol_score,tier_4_downweighted_context,liquidity_size,0.85,0.013052325,0.0003518291,0.012694561,0.01360387
9,qqq_mom_6m,tier_1_core_tail,core_momentum,7.0,0.012251748,0.0002507573,0.0119901085,0.0125945
10,log_avg_dollar_volume_3m,tier_4_downweighted_context,liquidity_size,0.85,0.011216268,0.00079477724,0.010322981,0.012314242
11,large_move_freq_6m,tier_4_downweighted_context,volatility_frequency,0.9,0.011061278,0.00044349383,0.01036275,0.01158584
12,avg_dollar_volume_3m,tier_4_downweighted_context,liquidity_size,0.85,0.010973205,0.00019243674,0.010786293,0.011203761
13,avg_abs_daily_return_6m,tier_4_downweighted_context,volatility_frequency,0.9,0.010722787,0.0015259208,0.008965544,0.012276269
14,avg_dollar_volume_6m,tier_4_downweighted_context,liquidity_size,0.85,0.010515888,0.00018278182,0.010286503,0.010713721
15,ma100_slope_1m,tier_4_downweighted_context,trend,0.7,0.010047595,0.00040216805,0.0094659785,0.010519147
16,qqq_mom_1m,tier_4_downweighted_context,other_momentum,0.8,0.009837002,0.00019388567,0.009569319,0.010021062
17,source_weight_sum,tier_4_downweighted_context,etf_source,0.55,0.009523252,0.000476623,0.008865531,0.01015958
18,theme_count,tier_4_downweighted_context,etf_source,0.55,0.009028161,0.0025399646,0.00579337,0.012540674
19,source_count,tier_4_downweighted_context,etf_source,0.55,0.008973424,0.0017017082,0.006795448,0.011409516
20,qqq_mom_3m,tier_4_downweighted_context,other_momentum,0.8,0.008826401,0.00024470172,0.008477499,0.00912477
21,qqq_mom_12m,tier_4_downweighted_context,other_momentum,0.8,0.0088223955,0.00013812422,0.008670425,0.008985684
22,volatility_3m_to_6m,tier_4_downweighted_context,risk_drawdown,0.65,0.008744001,0.00024047351,0.008464237,0.0091096535
23,drawdown_3m_abs,tier_4_downweighted_context,risk_drawdown,0.65,0.008650413,0.00047388597,0.007926081,0.009059703
24,drawdown_12m_abs,tier_4_downweighted_context,risk_drawdown,0.65,0.008445548,0.000323465,0.007913385,0.008791359
25,drawdown_12m,tier_4_downweighted_context,risk_drawdown,0.65,0.0081429705,0.00024732004,0.007808626,0.008487434
26,avg_dollar_volume_1m,tier_4_downweighted_context,liquidity_size,0.85,0.008078929,0.00015656803,0.007875589,0.008221117
27,drawdown_6m_abs,tier_4_downweighted_context,risk_drawdown,0.65,0.007866567,0.00022449957,0.007598035,0.008132218
28,avg_abs_daily_return_3m,tier_4_downweighted_context,volatility_frequency,0.9,0.0077777235,0.0008720968,0.0065429215,0.008999358
29,mom_4m,tier_1_core_tail,core_momentum,16.0,0.007663831,0.00023326512,0.0073801316,0.007933917
30,mom_9m,tier_4_downweighted_context,other_momentum,0.8,0.007650771,0.00011578859,0.007488291,0.0078063877
31,recovery_from_1m_low,tier_4_downweighted_context,unclassified,0.85,0.007361355,0.0004189342,0.0067864913,0.007949215
32,drawdown_3m,tier_4_downweighted_context,risk_drawdown,0.65,0.0073532225,0.00023319316,0.0071187154,0.0077294344
33,rel_mom_6m_vs_qqq,tier_1_core_tail,core_momentum,7.0,0.007344919,0.00032205068,0.0068844007,0.007622866
34,drawdown_1m_abs,tier_4_downweighted_context,risk_drawdown,0.65,0.0073235184,0.0005846246,0.00665162,0.008235919
35,ret_lag_6m_std,tier_4_downweighted_context,unclassified,0.85,0.0072848923,0.0002496402,0.007037441,0.0076998738
36,mom_5m,tier_1_core_tail,core_momentum,24.0,0.007271505,0.00020590027,0.0070569087,0.007526809
37,mom_6m_first3m,tier_1_core_tail,core_momentum,10.0,0.0072516524,0.00029753955,0.006807618,0.007537437
38,days_since_3m_low_norm,tier_4_downweighted_context,unclassified,0.85,0.0072110915,0.0002115392,0.00706685,0.0075534256
39,drawdown_6m,tier_4_downweighted_context,risk_drawdown,0.65,0.007195619,0.00050903525,0.006586959,0.007929547
40,mom_3m_vs_6m,tier_4_downweighted_context,other_momentum,0.8,0.0071834093,0.0003919979,0.006817753,0.0076927054
41,down_big_move_freq_6m,tier_4_downweighted_context,volatility_frequency,0.9,0.0070895525,0.00031161695,0.0066862665,0.0075342525
42,mom_12m,tier_4_downweighted_context,other_momentum,0.8,0.007079003,0.00020905353,0.0067870477,0.007348167
43,ret_lag_6m_max,tier_4_downweighted_context,unclassified,0.85,0.0070396066,0.00013236933,0.006820687,0.007137001
44,core_mom_456_avg,tier_1_core_tail,core_momentum,32.0,0.0070199063,0.000543535,0.0063278633,0.0076787863
45,core_mom_456_max,tier_1_core_tail,core_momentum,14.0,0.006981606,0.0003592417,0.006477579,0.0074334964
46,ma5_slope_1m,tier_4_downweighted_context,trend,0.7,0.0067978054,0.00024309968,0.0065391804,0.007151044
47,drawdown_1m,tier_4_downweighted_context,risk_drawdown,0.65,0.006745315,0.0003639154,0.006355689,0.007327109
48,price_ma30_ratio,tier_4_downweighted_context,trend,0.7,0.0066560805,0.0002392151,0.006381003,0.0070263827
49,core_mom_456_min,tier_1_core_tail,core_momentum,14.0,0.0066188024,0.00040457267,0.0060975137,0.0071766935
50,mom_6m,tier_1_core_tail,core_momentum,24.0,0.0066040293,0.00021900143,0.0063210176,0.0068668667
51,avg_abs_daily_return_1m,tier_4_downweighted_context,volatility_frequency,0.9,0.006595769,0.00012627902,0.006478,0.006779685
52,dollar_volume_3m_to_6m,tier_4_downweighted_context,liquidity_size,0.85,0.0065945527,0.000115375595,0.0064165974,0.0066969544
53,ret_lag_6m_mean,tier_4_downweighted_context,unclassified,0.85,0.0065657897,0.0002708196,0.0062687523,0.0068561397
54,ma10_slope_1m,tier_4_downweighted_context,trend,0.7,0.0065319994,0.0002353603,0.0061708908,0.0067751883
55,price_ma20_ratio,tier_4_downweighted_context,trend,0.7,0.0065311193,0.00026951407,0.00615227,0.0068110125
56,mom_7m,tier_4_downweighted_context,other_momentum,0.8,0.006494588,0.00019609142,0.0063457442,0.006835877
57,ret_lag_1m,tier_4_downweighted_context,unclassified,0.85,0.006453777,0.00034395003,0.006062731,0.0069170524
58,atr_14_to_100d,tier_4_downweighted_context,unclassified,0.85,0.006366171,0.0002285384,0.0061980016,0.006755675
59,rel_mom_12m_vs_qqq,tier_4_downweighted_context,other_momentum,0.8,0.0063239546,0.00014695886,0.0062089115,0.0065706284
60,drawdown_change_3m,tier_4_downweighted_context,risk_drawdown,0.65,0.0063205934,0.0003728232,0.0057051536,0.006689921
61,volatility_1m_to_6m,tier_4_downweighted_context,risk_drawdown,0.65,0.0062706233,0.00015847001,0.0060718185,0.0064524147
62,mom_1m,tier_4_downweighted_context,other_momentum,0.8,0.0062672035,0.00075257843,0.005306657,0.007296452
63,ma50_slope_1m,tier_4_downweighted_context,trend,0.7,0.006262686,0.0002434611,0.006036565,0.0066094785
64,ret_lag_6m_min,tier_4_downweighted_context,unclassified,0.85,0.006254463,0.000100811536,0.0061774333,0.006429528
65,price_ma5_ratio,tier_4_downweighted_context,trend,0.7,0.006248841,0.00019852535,0.00605341,0.0065583433
66,rel_mom_3m_vs_qqq,tier_4_downweighted_context,other_momentum,0.8,0.0062131705,0.00021369407,0.0060689454,0.006575651
67,up_big_move_freq_6m,tier_4_downweighted_context,volatility_frequency,0.9,0.006179685,0.0002648382,0.005826345,0.006445628
68,volatility_1m,tier_4_downweighted_context,risk_drawdown,0.65,0.0061251996,0.000195595,0.005945802,0.006458217
69,mom_2m,tier_4_downweighted_context,other_momentum,0.8,0.0060967766,0.00029928202,0.0056574005,0.0064021684
70,price_ma50_ratio,tier_4_downweighted_context,trend,0.7,0.006055427,0.00033425956,0.005662052,0.0065254136
71,ma20_slope_1m,tier_4_downweighted_context,trend,0.7,0.0060483813,0.00024593144,0.005784797,0.00640307
72,mom_6m_acceleration,tier_1_core_tail,core_momentum,12.0,0.006007511,6.439418e-05,0.0058930046,0.0060404427
73,rel_mom_1m_vs_qqq,tier_4_downweighted_context,other_momentum,0.8,0.0059982827,0.0001673655,0.005745003,0.0061539393
74,mom_6m_last3m,tier_1_core_tail,core_momentum,10.0,0.005993907,0.00013411048,0.0058410903,0.006190104
75,drawdown_change_1m,tier_4_downweighted_context,risk_drawdown,0.65,0.005974547,0.00012699781,0.0058030006,0.006110908
76,price_ma10_ratio,tier_4_downweighted_context,trend,0.7,0.00595471,0.0001860742,0.0057270858,0.0062441644
77,recovery_from_6m_low,tier_4_downweighted_context,unclassified,0.85,0.0059428117,0.0002002044,0.0056745564,0.0062342705
78,price_ma100_ratio,tier_4_downweighted_context,trend,0.7,0.0059330384,0.00035648025,0.005449759,0.0062710294
79,recovery_from_3m_low,tier_4_downweighted_context,unclassified,0.85,0.0059284708,0.00012373988,0.0058065993,0.0061308155
80,dollar_volume_change_1m,tier_4_downweighted_context,liquidity_size,0.85,0.0059263473,0.00021644543,0.00565113,0.006184022
81,ret_lag_3m,tier_4_downweighted_context,unclassified,0.85,0.0059184385,0.00017370943,0.0056382148,0.0060890303
82,core_mom_456_std,tier_1_core_tail,core_momentum,5.0,0.005910321,0.00014694377,0.005698992,0.0060619963
83,mom_5m_vs_6m,tier_1_core_tail,core_momentum,7.0,0.005895171,0.00011471916,0.0057736733,0.006057491
84,ret_lag_6m,tier_4_downweighted_context,unclassified,0.85,0.0058883317,0.0002857648,0.005595828,0.0062796054
85,large_move_freq_3m,tier_4_downweighted_context,volatility_frequency,0.9,0.005886028,0.00026818304,0.0054674083,0.006110733
86,up_day_volume_ratio_3m,tier_4_downweighted_context,volume_flow,0.65,0.0058735134,0.0002146201,0.005629214,0.006070723
87,days_since_3m_high_norm,tier_4_downweighted_context,unclassified,0.85,0.0058625513,7.818318e-05,0.0057519455,0.00596181
88,up_day_dollar_volume_ratio_3m,tier_4_downweighted_context,liquidity_size,0.85,0.005816344,0.00015249476,0.005601149,0.006025812
89,dollar_volume_change_3m,tier_4_downweighted_context,liquidity_size,0.85,0.005794122,0.00024811915,0.005407629,0.0060961563
90,mom_4m_vs_6m,tier_1_core_tail,core_momentum,7.0,0.005722779,0.00013017181,0.005537811,0.005890714
91,return_vol_ratio_6m,tier_4_downweighted_context,risk_drawdown,0.65,0.005717504,0.00031314004,0.0054455013,0.0061711245
92,ret_lag_5m,tier_4_downweighted_context,unclassified,0.85,0.005690589,0.00015071576,0.005533439,0.0059378096
93,ret_lag_2m,tier_4_downweighted_context,unclassified,0.85,0.0056012752,0.00017223005,0.005398923,0.0058422126
94,ma30_slope_1m,tier_4_downweighted_context,trend,0.7,0.0055989753,0.00027773928,0.005188654,0.005952297
95,ret_lag_4m,tier_4_downweighted_context,unclassified,0.85,0.0055458187,0.0002218357,0.0051912437,0.0057796184
96,volatility_1m_to_3m,tier_4_downweighted_context,risk_drawdown,0.65,0.0055116015,0.00020759672,0.005297501,0.0057861255
97,volume_change_1m,tier_4_downweighted_context,volume_flow,0.65,0.0055091134,7.922935e-05,0.0054031583,0.0056153988
98,volume_ma1_to_6m,tier_4_downweighted_context,volume_flow,0.65,0.0054635694,0.00011219143,0.0053358716,0.0055887355
99,return_vol_ratio_1m,tier_4_downweighted_context,risk_drawdown,0.65,0.0054425253,0.00021551325,0.0051295157,0.005716058
100,positive_month_ratio_6m,tier_4_downweighted_context,unclassified,0.85,0.0052942336,0.00042034892,0.004958368,0.006015081
101,up_big_move_freq_3m,tier_4_downweighted_context,volatility_frequency,0.9,0.0052742236,0.0002763503,0.0048688436,0.0055944365
102,volume_ratio_3m,tier_4_downweighted_context,volume_flow,0.65,0.0052561406,6.867147e-05,0.0051803705,0.0053620175
103,volume_ma3_to_12m,tier_4_downweighted_context,volume_flow,0.65,0.0051569846,0.00012331828,0.004979466,0.005278244
104,volume_change_3m,tier_4_downweighted_context,volume_flow,0.65,0.005116841,6.641026e-05,0.005029278,0.0051980554
105,return_vol_ratio_3m,tier_4_downweighted_context,risk_drawdown,0.65,0.005078102,0.00014704849,0.0049345447,0.005238562
106,down_big_move_freq_3m,tier_4_downweighted_context,volatility_frequency,0.9,0.0050496096,0.00033060333,0.004678707,0.0055780904
107,trading_day_count_6m,tier_4_downweighted_context,liquidity_size,0.85,0.0032464159,0.00063238526,0.0026410143,0.0040339786
108,trading_day_count_3m,tier_4_downweighted_context,liquidity_size,0.85,0.0026997805,0.00051155186,0.0021449593,0.003452234
109,mom_3m,tier_4_downweighted_context,other_momentum,0.8,0.0,0.0,0.0,0.0
