param_profile,is_main_params,n_estimators,max_depth,learning_rate,min_child_weight,reg_alpha,reg_lambda,subsample,colsample_bytree,colsample_bylevel,colsample_bynode,strategy,months,total_return_1m_rebalanced,annualized_return_1m_rebalanced,avg_monthly_return_1m,avg_future_max_return_1_3m,avg_boom_hit_rate,prauc,auc,top3_rows,precision_at_top3,top3_avg_future_return_1m,top3_avg_future_return_2m,top3_avg_future_return_3m,top3_avg_future_max_return_1_3m,top3_hit30_rate,top3_hit40_rate,top3_hit50_rate,top3_hit100_rate,monthly_any_top3_hit30_rate,monthly_any_top3_hit50_rate,monthly_any_top3_hit100_rate,top5_rows,precision_at_top5,top5_avg_future_return_1m,top5_avg_future_return_2m,top5_avg_future_return_3m,top5_avg_future_max_return_1_3m,top5_hit30_rate,top5_hit40_rate,top5_hit50_rate,top5_hit100_rate,monthly_any_top5_hit30_rate,monthly_any_top5_hit50_rate,monthly_any_top5_hit100_rate,top10_rows,precision_at_top10,top10_avg_future_return_1m,top10_avg_future_return_2m,top10_avg_future_return_3m,top10_avg_future_max_return_1_3m,top10_hit30_rate,top10_hit40_rate,top10_hit50_rate,top10_hit100_rate,monthly_any_top10_hit30_rate,monthly_any_top10_hit50_rate,monthly_any_top10_hit100_rate
rounds_2600_lr0008,False,2600,5,0.008,3,0.05,2.0,0.85,0.9,0.85,0.85,rounds_2600_lr0008,29,3.6925193138194325,0.895933938834852,0.07285921863901265,0.3312150924463658,0.3793103448275862,0.23963343213257585,0.8249740445965952,90,0.36666666666666664,0.07285921863901265,0.13827258840424525,0.19982715549520727,0.3312150924463658,0.36666666666666664,0.3333333333333333,0.28888888888888886,0.13333333333333333,0.6333333333333333,0.5666666666666667,0.3333333333333333,150,0.34,0.06725522050129482,0.1528205152379599,0.17968791739576825,0.30757633629385384,0.3466666666666667,0.2866666666666667,0.25333333333333335,0.12,0.7,0.6,0.4,300,0.34,0.05373895631118974,0.11246881431280908,0.1535826711990555,0.2733118100234818,0.35,0.2733333333333333,0.21666666666666667,0.08333333333333333,0.8333333333333334,0.6666666666666666,0.5
main_3000_lr0008,True,3000,5,0.008,3,0.05,2.0,0.85,0.9,0.85,0.85,main_3000_lr0008,29,3.42898391714885,0.8511268520962725,0.06852171334904598,0.3243621872122511,0.367816091954023,0.23598027937244415,0.8231382987552693,90,0.35555555555555557,0.06852171334904598,0.1424775588398301,0.18892458581754906,0.324362187212251,0.36666666666666664,0.32222222222222224,0.2777777777777778,0.12222222222222222,0.6333333333333333,0.5666666666666667,0.3333333333333333,150,0.34,0.05616728772934995,0.13996905232826956,0.16003650724519794,0.29534547358627183,0.3466666666666667,0.28,0.24666666666666667,0.11333333333333333,0.7,0.6,0.36666666666666664,300,0.3466666666666667,0.05875405999892707,0.11946277140259667,0.15569723399675012,0.2783296344241441,0.3566666666666667,0.2833333333333333,0.22333333333333333,0.08333333333333333,0.8,0.6666666666666666,0.5
rounds_3400_lr0008,False,3400,5,0.008,3,0.05,2.0,0.85,0.9,0.85,0.85,rounds_3400_lr0008,29,2.8419707866569204,0.745357666195726,0.06312284351275609,0.3210930512047001,0.37931034482758613,0.2320058288642371,0.8211450831247937,90,0.36666666666666664,0.06312284351275609,0.13808863813478442,0.18971657585118684,0.32109305120470005,0.37777777777777777,0.32222222222222224,0.2777777777777778,0.12222222222222222,0.6666666666666666,0.5666666666666667,0.3333333333333333,150,0.3333333333333333,0.057659129786898494,0.1296941755017467,0.14440777654275072,0.28298885956836595,0.34,0.2733333333333333,0.24,0.10666666666666667,0.7,0.6,0.36666666666666664,300,0.3433333333333333,0.05523085278282963,0.11574786704669508,0.15646007348763408,0.2732492083366578,0.35333333333333333,0.2733333333333333,0.21333333333333335,0.08333333333333333,0.8,0.6333333333333333,0.5
rounds_2800_lr0008,False,2800,5,0.008,3,0.05,2.0,0.85,0.9,0.85,0.85,rounds_2800_lr0008,29,2.8118815970414555,0.7396884366835725,0.06509674944327691,0.32149821169072546,0.367816091954023,0.23726169145751924,0.8242278613300896,90,0.35555555555555557,0.06509674944327691,0.1282086761930463,0.1905774650438843,0.32149821169072546,0.35555555555555557,0.32222222222222224,0.2777777777777778,0.13333333333333333,0.6333333333333333,0.5666666666666667,0.3333333333333333,150,0.3333333333333333,0.05527303313829973,0.1415275380138991,0.16316638061838384,0.294587073585794,0.34,0.28,0.24666666666666667,0.11333333333333333,0.7,0.6,0.36666666666666664,300,0.35,0.058197406947668506,0.11531423664520492,0.15463847498331412,0.2773021322769941,0.36,0.28,0.22,0.08333333333333333,0.8666666666666667,0.6666666666666666,0.5
rounds_3000_lr0009,False,3000,5,0.009,3,0.05,2.0,0.85,0.9,0.85,0.85,rounds_3000_lr0009,29,2.7809956497727724,0.7338417360687159,0.06922959630456112,0.3114101223059328,0.34482758620689646,0.23206794801289196,0.8219499717483927,90,0.3333333333333333,0.06922959630456113,0.16122939609178918,0.1851308591532778,0.31141012230593285,0.35555555555555557,0.28888888888888886,0.26666666666666666,0.13333333333333333,0.6333333333333333,0.5666666666666667,0.3333333333333333,150,0.3466666666666667,0.06848716397983466,0.13357945868930649,0.19671019354325903,0.3280250551655666,0.36,0.29333333333333333,0.25333333333333335,0.11333333333333333,0.6666666666666666,0.6,0.43333333333333335,300,0.3333333333333333,0.05743040033408282,0.11529497798997723,0.1753134568030453,0.2856234874885519,0.34,0.27,0.21333333333333335,0.09,0.8333333333333334,0.6666666666666666,0.5
rounds_2800_lr0009,False,2800,5,0.009,3,0.05,2.0,0.85,0.9,0.85,0.85,rounds_2800_lr0009,29,2.764494117188628,0.7307065213901105,0.06886503573626249,0.3060466579262976,0.34482758620689646,0.23387990259711033,0.8230741710372003,90,0.3333333333333333,0.0688650357362625,0.15600183651797886,0.17787062618790983,0.3060466579262976,0.35555555555555557,0.28888888888888886,0.26666666666666666,0.13333333333333333,0.6333333333333333,0.5666666666666667,0.3333333333333333,150,0.3466666666666667,0.07525302947007215,0.14793211367078413,0.20240421242432644,0.3423117743118,0.36,0.3,0.26,0.12,0.7,0.6333333333333333,0.4666666666666667,300,0.33,0.05618713086812584,0.11625537324830602,0.17100397318840777,0.2841269662871638,0.33666666666666667,0.26666666666666666,0.21,0.09,0.8333333333333334,0.6666666666666666,0.5
rounds_3200_lr0007,False,3200,5,0.007,3,0.05,2.0,0.85,0.9,0.85,0.85,rounds_3200_lr0007,29,2.6699639057924056,0.7125890216976107,0.06449318940427379,0.2997349476193575,0.3563218390804598,0.235921814078586,0.8241114465597555,90,0.34444444444444444,0.06449318940427382,0.14189303304343295,0.1666466248242648,0.2997349476193575,0.35555555555555557,0.3,0.24444444444444444,0.1111111111111111,0.6666666666666666,0.5666666666666667,0.3,150,0.32,0.0699102225689556,0.12082181462034845,0.16387177775382739,0.29660371480256903,0.32666666666666666,0.26666666666666666,0.22666666666666666,0.1,0.6666666666666666,0.6,0.36666666666666664,300,0.32666666666666666,0.05506557927627327,0.11900259495330785,0.1689632433665674,0.2798303789962086,0.3333333333333333,0.2633333333333333,0.21666666666666667,0.08666666666666667,0.8666666666666667,0.7,0.5
rounds_3000_lr0007,False,3000,5,0.007,3,0.05,2.0,0.85,0.9,0.85,0.85,rounds_3000_lr0007,29,2.5528666454583937,0.6897628374735834,0.06415488075053571,0.32681268514233947,0.3563218390804598,0.23646162259624304,0.8245123692906688,90,0.34444444444444444,0.06415488075053571,0.14601926493009976,0.19406852076838868,0.3268126851423394,0.35555555555555557,0.3,0.24444444444444444,0.1111111111111111,0.6666666666666666,0.5666666666666667,0.3,150,0.31333333333333335,0.0638209355203967,0.11624943000241963,0.1617105930414708,0.2905783365740421,0.32,0.26,0.22,0.1,0.6666666666666666,0.6,0.36666666666666664,300,0.32666666666666666,0.05266742538152572,0.11022424377637922,0.16424470930638282,0.2754941343202926,0.3333333333333333,0.26,0.21333333333333335,0.08333333333333333,0.8666666666666667,0.6666666666666666,0.5
rounds_3200_lr0008,False,3200,5,0.008,3,0.05,2.0,0.85,0.9,0.85,0.85,rounds_3200_lr0008,29,2.3350442795936557,0.6460985650243538,0.058191687377093515,0.3071406244248601,0.3563218390804597,0.233885181632892,0.822020296450434,90,0.34444444444444444,0.058191687377093515,0.1293368140540967,0.1718041931325606,0.3071406244248601,0.35555555555555557,0.3111111111111111,0.26666666666666666,0.1111111111111111,0.6333333333333333,0.5666666666666667,0.3,150,0.3333333333333333,0.05961426359107531,0.12810067088932278,0.1472533379634397,0.2843707440010753,0.34,0.28,0.24666666666666667,0.10666666666666667,0.7,0.6,0.36666666666666664,300,0.3466666666666667,0.05637268345455408,0.11781528921574884,0.15485255302076595,0.2746913878870003,0.3566666666666667,0.27666666666666667,0.21666666666666667,0.08333333333333333,0.8,0.6333333333333333,0.5
