rank,month,ticker,ensemble_score,xgb_boom_probability,five_seed_avg_score,five_seed_score_std,passes_live_filter,mom_6m,mom_5m,mom_4m,mom_3m,core_mom_456_avg,rel_mom_6m_vs_qqq,liquid_vol_score,avg_dollar_volume_3m,large_move_freq_3m,source_count,source_weight_sum,theme_count
1,2026-06-30,PLUG,0.9716099,0.97546923,0.96775055,0.010155256,True,0.2893400634338645,0.1981132542293435,0.4189944223370778,0.1238937931731478,0.3021492466667619,0.136520937726587,0.735579196217494,238949870.40433884,0.4761904761904761,1.0,3.0,1.0
2,2026-06-30,AMD,0.9628894,0.973056,0.9527227,0.01338366,True,1.4354688465207812,1.2032696595413652,1.6051645751916226,1.5639288004159622,1.4146343604179232,1.2826497208135037,0.9646572104018912,14586629753.055126,0.5714285714285714,3.0,12.0,3.0
3,2026-06-30,ENPH,0.96119404,0.962041,0.960347,0.007200845,True,0.4845554746858231,0.2866414932404657,0.1256210389350902,0.2583972521266608,0.2989393356204597,0.3317363489785456,0.7963356973995273,369145560.1760834,0.5555555555555556,2.0,7.0,2.0
4,2026-06-30,DELL,0.95207477,0.9578937,0.94625586,0.008548377,True,2.197324410631306,2.501625928346003,1.7061458436265715,1.44151616418351,2.13503206086796,2.0445052849240284,0.939598108747045,2701358233.388773,0.4761904761904761,3.0,11.0,3.0
5,2026-06-30,COIN,0.9456085,0.9437567,0.94746035,0.003404314,True,-0.3408508094060913,-0.2345692032763849,-0.1523457925224733,-0.1463261151276985,-0.2425886017349832,-0.4936699351133689,0.9301418439716312,1743141948.1305077,0.5555555555555556,2.0,7.0,2.0
6,2026-06-30,SEDG,0.94556797,0.94572437,0.94541156,0.0061368537,True,0.7937608081710417,0.6720516550670703,0.4618643437675716,0.0137120621626039,0.6425589356685611,0.6409416824637642,0.7108747044917259,201729272.3472413,0.6825396825396826,1.0,3.0,1.0
7,2026-06-30,RKLB,0.94089806,0.93962663,0.94216955,0.008978003,True,0.2118692420684538,0.0558261675751208,0.2234443239125214,0.3164123218402166,0.1637132445186987,0.0590501163611763,0.9751773049645388,2750697986.998319,0.746031746031746,2.0,8.0,2.0
8,2026-06-30,ALAB,0.93843144,0.93689394,0.93996894,0.007830385,True,1.3547727145776376,1.600849840219341,2.2966421290755115,2.5742700336521738,1.7507548946241631,1.20195358887036,0.9523640661938536,1600754405.0397358,0.5714285714285714,2.0,8.0,2.0
9,2026-06-30,TER,0.9328127,0.9310674,0.9345579,0.009293622,True,1.25877102426111,0.8137635304245725,0.3655750228183658,0.4741449486871898,0.8127031925013494,1.1059518985538324,0.9346335697399528,1556395932.8368173,0.5238095238095238,3.0,11.0,3.0
10,2026-06-30,LEU,0.9305907,0.93046343,0.93071795,0.0054806285,True,-0.3181742955270993,-0.4052033743045456,-0.1829803679131439,-0.0464888083165896,-0.3021193459149296,-0.4709934212343768,0.6754137115839243,170452742.06206307,0.5555555555555556,1.0,3.0,1.0
11,2026-06-30,DDOG,0.91622853,0.91777575,0.9146813,0.011411923,True,0.7631443090464001,0.8540828231731574,1.1415684729646784,1.0310885054982697,0.919598535061412,0.6103251833391226,0.8975177304964539,1086693446.8515668,0.2857142857142857,3.0,11.0,3.0
12,2026-06-30,ANET,0.91242075,0.92489266,0.8999489,0.014312049,True,0.2027780475597234,0.1118950190185823,0.1805243902885065,0.2835967394559877,0.1650658189556041,0.0499589218524458,0.901418439716312,1443465624.3916466,0.3809523809523809,2.0,7.0,2.0
13,2026-06-30,SMCI,0.9084202,0.90130055,0.9155399,0.010498025,True,0.0464639112310707,0.0522156825333259,-0.0543377666578257,0.3451909769427774,0.0147806090355236,-0.1063552144762067,0.9476359338061464,1585437703.9488628,0.6190476190476191,3.0,11.0,3.0
14,2026-06-30,MU,0.90560246,0.9255035,0.88570136,0.02252259,True,2.9690466420520845,1.730441702487711,1.7470612353746602,2.351675255531876,2.148849859971485,2.816227516344807,0.9933806146572104,38877868358.72318,0.6349206349206349,3.0,11.0,3.0
15,2026-06-30,MELI,0.9001357,0.89832324,0.90194815,0.010839866,True,-0.1683794706420008,-0.2200820633672784,-0.0469281526479717,-0.0311853207806874,-0.145129895552417,-0.3211985963492784,0.7353427895981087,915610107.7735536,0.1904761904761904,2.0,8.0,2.0
16,2026-06-30,CRWD,0.8820169,0.8924153,0.87161845,0.020190535,True,0.4956267860946719,0.5883146516109454,0.8847518849103879,0.7957788485928388,0.6562311075386684,0.3428076603873944,0.8833333333333333,1904098630.2446156,0.365079365079365,3.0,11.0,3.0
17,2026-06-30,SHOP,0.8779149,0.8665329,0.8892969,0.017958548,True,-0.2740262177787594,-0.1095023667227926,-0.0320550206160478,-0.0148373132311463,-0.1385278683725333,-0.426845343486037,0.8939716312056738,1146942882.7441504,0.3809523809523809,2.0,8.0,2.0
18,2026-06-30,CEG,0.87389874,0.8812466,0.8665508,0.011288544,True,-0.2504754158665095,-0.0566318138815915,-0.1973307283451855,-0.0530700223471966,-0.1681459860310955,-0.4032945415737871,0.8334515366430261,988866879.480804,0.2539682539682539,3.0,11.0,3.0
19,2026-06-30,MDB,0.86012584,0.8638377,0.85641396,0.022126177,True,-0.2518048847030505,-0.1543639858869447,-0.0440222589622797,0.2828778211569214,-0.1500637098507583,-0.404624010410328,0.849645390070922,630148804.5421056,0.4444444444444444,2.0,8.0,2.0
20,2026-06-30,AVGO,0.85748506,0.85762155,0.8573486,0.01800453,True,0.0585513489632749,0.1058394379909015,0.1465016720689715,0.1812144343698272,0.1036308196743827,-0.0942677767440025,0.8725768321513002,10431655668.9845,0.3809523809523809,3.0,12.0,3.0
21,2026-06-30,MRVL,0.8546964,0.8692961,0.8400968,0.018562736,True,2.143040386533981,2.3819503518077667,2.2672728198644823,1.694634309341744,2.26408785273541,1.9902212608267036,0.9702127659574468,9548545803.61414,0.6349206349206349,3.0,11.0,3.0
22,2026-06-30,ZS,0.85287,0.84500694,0.86073303,0.017524177,True,-0.4119687196178492,-0.3387330726499493,-0.1002109696976176,-0.0572385712708606,-0.2836375873218054,-0.5647878453251267,0.8319148936170212,638100672.7391924,0.3492063492063492,2.0,8.0,2.0
23,2026-06-30,IBKR,0.8516174,0.85443825,0.84879655,0.009342337,True,0.3995887383204013,0.2020239488187931,0.2629720045134007,0.3405542680888316,0.2881948972175317,0.2467696126131238,0.6712765957446809,402521976.3453166,0.238095238095238,1.0,3.0,1.0
24,2026-06-30,UUUU,0.8511374,0.8603544,0.8419204,0.022913633,True,0.0055020580409863,-0.3484848690903537,-0.3142589073719204,-0.1989041158597763,-0.2190805728070959,-0.1473170676662911,0.7063829787234043,197986643.4843578,0.5873015873015873,1.0,3.0,1.0
25,2026-06-30,VST,0.8433869,0.8405342,0.84623957,0.006728932,True,0.0161922404487053,0.0353159862077441,-0.0572069483034006,0.0890638161323218,-0.001899573882317,-0.1366268852585721,0.8048463356973996,717374251.1765254,0.3174603174603174,1.0,3.0,1.0
26,2026-06-30,FDS,0.8424111,0.84465486,0.84016734,0.017757824,True,-0.193382366375206,-0.0797594638853478,0.074077424202263,0.0731863827771375,-0.0663548020194302,-0.3462014920824835,0.6416075650118204,220573034.9527026,0.3492063492063492,1.0,3.0,1.0
27,2026-06-30,BX,0.8418217,0.84864724,0.83499604,0.017396297,True,-0.235610801472895,-0.1727079039364459,0.0273377902874298,0.0128644835443518,-0.1269936383739703,-0.3884299271801725,0.7159574468085106,702399196.1304438,0.2063492063492063,1.0,3.0,1.0
28,2026-06-30,CHTR,0.83748096,0.818893,0.8560689,0.026252527,True,-0.3598083861573727,-0.3516398090652548,-0.4304223815858683,-0.3809523977813829,-0.380623525602832,-0.5126275118646503,0.7459810874704491,532594346.0716611,0.3492063492063492,2.0,7.0,2.0
29,2026-06-30,NVDA,0.8371048,0.8289986,0.8452109,0.012243742,True,0.0335915200193321,0.0085534413635373,0.0878989786154342,0.1052430617510788,0.0433479799994345,-0.1192276056879453,0.7924349881796691,33014881426.79424,0.2222222222222222,2.0,8.0,2.0
30,2026-06-30,GNRC,0.83560854,0.8304084,0.8408087,0.01087137,True,1.0431180251767231,0.6580576425206279,0.2362781255433366,0.4264065556000567,0.6458179310802292,0.8902988994694456,0.6624113475177306,215439626.8605792,0.3492063492063492,1.0,3.0,1.0
