index,feature,tier,feature_group,feature_weight
1,rel_mom_12m_vs_qqq,tier_4_downweighted_context,other_momentum,0.8
2,mom_12m,tier_4_downweighted_context,other_momentum,0.8
3,up_day_volume_ratio_3m,tier_4_downweighted_context,volume_flow,0.65
4,up_day_dollar_volume_ratio_3m,tier_4_downweighted_context,liquidity_size,0.85
5,mom_9m,tier_4_downweighted_context,other_momentum,0.8
6,mom_7m,tier_4_downweighted_context,other_momentum,0.8
7,mom_6m,tier_1_core_tail,core_momentum,24.0
8,mom_4m_vs_6m,tier_1_core_tail,core_momentum,7.0
9,mom_5m_vs_6m,tier_1_core_tail,core_momentum,7.0
10,mom_6m_first3m,tier_1_core_tail,core_momentum,10.0
11,mom_6m_acceleration,tier_1_core_tail,core_momentum,12.0
12,ret_lag_6m,tier_4_downweighted_context,unclassified,0.85
13,rel_mom_6m_vs_qqq,tier_1_core_tail,core_momentum,7.0
14,mom_3m_vs_6m,tier_4_downweighted_context,other_momentum,0.8
15,return_vol_ratio_6m,tier_4_downweighted_context,risk_drawdown,0.65
16,drawdown_12m,tier_4_downweighted_context,risk_drawdown,0.65
17,drawdown_12m_abs,tier_4_downweighted_context,risk_drawdown,0.65
18,ma100_slope_1m,tier_4_downweighted_context,trend,0.7
19,mom_5m,tier_1_core_tail,core_momentum,24.0
20,core_mom_456_std,tier_1_core_tail,core_momentum,5.0
21,ret_lag_5m,tier_4_downweighted_context,unclassified,0.85
22,volume_ma3_to_12m,tier_4_downweighted_context,volume_flow,0.65
23,price_ma100_ratio,tier_4_downweighted_context,trend,0.7
24,volume_change_3m,tier_4_downweighted_context,volume_flow,0.65
25,dollar_volume_change_3m,tier_4_downweighted_context,liquidity_size,0.85
26,drawdown_change_3m,tier_4_downweighted_context,risk_drawdown,0.65
27,mom_4m,tier_1_core_tail,core_momentum,16.0
28,core_mom_456_avg,tier_1_core_tail,core_momentum,32.0
29,core_mom_456_min,tier_1_core_tail,core_momentum,14.0
30,core_mom_456_max,tier_1_core_tail,core_momentum,14.0
31,ret_lag_4m,tier_4_downweighted_context,unclassified,0.85
32,ma50_slope_1m,tier_4_downweighted_context,trend,0.7
33,mom_6m_last3m,tier_1_core_tail,core_momentum,10.0
34,ret_lag_3m,tier_4_downweighted_context,unclassified,0.85
35,rel_mom_3m_vs_qqq,tier_4_downweighted_context,other_momentum,0.8
36,mom_3m,tier_4_downweighted_context,other_momentum,0.8
37,volatility_6m,tier_4_downweighted_context,risk_drawdown,0.65
38,return_vol_ratio_3m,tier_4_downweighted_context,risk_drawdown,0.65
39,volatility_1m_to_6m,tier_4_downweighted_context,risk_drawdown,0.65
40,volatility_3m_to_6m,tier_4_downweighted_context,risk_drawdown,0.65
41,avg_abs_daily_return_6m,tier_4_downweighted_context,volatility_frequency,0.9
42,drawdown_6m,tier_4_downweighted_context,risk_drawdown,0.65
43,drawdown_6m_abs,tier_4_downweighted_context,risk_drawdown,0.65
44,recovery_from_6m_low,tier_4_downweighted_context,unclassified,0.85
45,avg_dollar_volume_6m,tier_4_downweighted_context,liquidity_size,0.85
46,dollar_volume_3m_to_6m,tier_4_downweighted_context,liquidity_size,0.85
47,large_move_freq_6m,tier_4_downweighted_context,volatility_frequency,0.9
48,up_big_move_freq_6m,tier_4_downweighted_context,volatility_frequency,0.9
49,down_big_move_freq_6m,tier_4_downweighted_context,volatility_frequency,0.9
50,intraday_range_mean_6m,tier_4_downweighted_context,volatility_frequency,0.9
51,volume_change_1m,tier_4_downweighted_context,volume_flow,0.65
52,dollar_volume_change_1m,tier_4_downweighted_context,liquidity_size,0.85
53,drawdown_change_1m,tier_4_downweighted_context,risk_drawdown,0.65
54,ma30_slope_1m,tier_4_downweighted_context,trend,0.7
55,price_ma50_ratio,tier_4_downweighted_context,trend,0.7
56,atr_14_to_100d,tier_4_downweighted_context,unclassified,0.85
57,volume_ma1_to_6m,tier_4_downweighted_context,volume_flow,0.65
58,ret_lag_2m,tier_4_downweighted_context,unclassified,0.85
59,ret_lag_6m_std,tier_4_downweighted_context,unclassified,0.85
60,mom_2m,tier_4_downweighted_context,other_momentum,0.8
61,ma20_slope_1m,tier_4_downweighted_context,trend,0.7
62,volatility_3m,tier_4_downweighted_context,risk_drawdown,0.65
63,volatility_1m_to_3m,tier_4_downweighted_context,risk_drawdown,0.65
64,volume_ratio_3m,tier_4_downweighted_context,volume_flow,0.65
65,avg_abs_daily_return_3m,tier_4_downweighted_context,volatility_frequency,0.9
66,ma10_slope_1m,tier_4_downweighted_context,trend,0.7
67,drawdown_3m,tier_4_downweighted_context,risk_drawdown,0.65
68,drawdown_3m_abs,tier_4_downweighted_context,risk_drawdown,0.65
69,recovery_from_3m_low,tier_4_downweighted_context,unclassified,0.85
70,days_since_3m_high_norm,tier_4_downweighted_context,unclassified,0.85
71,days_since_3m_low_norm,tier_4_downweighted_context,unclassified,0.85
72,avg_dollar_volume_3m,tier_4_downweighted_context,liquidity_size,0.85
73,log_avg_dollar_volume_3m,tier_4_downweighted_context,liquidity_size,0.85
74,large_move_freq_3m,tier_4_downweighted_context,volatility_frequency,0.9
75,up_big_move_freq_3m,tier_4_downweighted_context,volatility_frequency,0.9
76,down_big_move_freq_3m,tier_4_downweighted_context,volatility_frequency,0.9
77,intraday_range_mean_3m,tier_4_downweighted_context,volatility_frequency,0.9
78,price_ma30_ratio,tier_4_downweighted_context,trend,0.7
79,ma5_slope_1m,tier_4_downweighted_context,trend,0.7
80,return_vol_ratio_1m,tier_4_downweighted_context,risk_drawdown,0.65
81,ret_lag_1m,tier_4_downweighted_context,unclassified,0.85
82,positive_month_ratio_6m,tier_4_downweighted_context,unclassified,0.85
83,ret_lag_6m_mean,tier_4_downweighted_context,unclassified,0.85
84,ret_lag_6m_min,tier_4_downweighted_context,unclassified,0.85
85,ret_lag_6m_max,tier_4_downweighted_context,unclassified,0.85
86,rel_mom_1m_vs_qqq,tier_4_downweighted_context,other_momentum,0.8
87,mom_1m,tier_4_downweighted_context,other_momentum,0.8
88,price_ma20_ratio,tier_4_downweighted_context,trend,0.7
89,volatility_1m,tier_4_downweighted_context,risk_drawdown,0.65
90,avg_abs_daily_return_1m,tier_4_downweighted_context,volatility_frequency,0.9
91,drawdown_1m,tier_4_downweighted_context,risk_drawdown,0.65
92,drawdown_1m_abs,tier_4_downweighted_context,risk_drawdown,0.65
93,recovery_from_1m_low,tier_4_downweighted_context,unclassified,0.85
94,avg_dollar_volume_1m,tier_4_downweighted_context,liquidity_size,0.85
95,price_ma10_ratio,tier_4_downweighted_context,trend,0.7
96,atr_14_to_price,tier_4_downweighted_context,unclassified,0.85
97,price_ma5_ratio,tier_4_downweighted_context,trend,0.7
98,qqq_mom_1m,tier_4_downweighted_context,other_momentum,0.8
99,qqq_mom_3m,tier_4_downweighted_context,other_momentum,0.8
100,qqq_mom_6m,tier_1_core_tail,core_momentum,7.0
101,qqq_mom_12m,tier_4_downweighted_context,other_momentum,0.8
102,source_count,tier_4_downweighted_context,etf_source,0.55
103,source_weight_sum,tier_4_downweighted_context,etf_source,0.55
104,theme_count,tier_4_downweighted_context,etf_source,0.55
105,in_core_growth,tier_4_downweighted_context,etf_source,0.55
106,in_large_cap_core,tier_4_downweighted_context,etf_source,0.55
107,in_manual_core,tier_4_downweighted_context,etf_source,0.55
108,trading_day_count_3m,tier_4_downweighted_context,liquidity_size,0.85
109,trading_day_count_6m,tier_4_downweighted_context,liquidity_size,0.85
110,liquid_vol_score,tier_4_downweighted_context,liquidity_size,0.85
