month,selected_tickers,avg_score,return_1m,future_max_return_1_3m,boom_hit_rate
2025-08-31,"UUUU, SEDG, ALAB",0.9601815,0.1655083842386869,0.31429730177355336,0.3333333333333333
2025-09-30,"SEDG, LEU, PLUG",0.95795447,0.09599068848215249,0.10896364908313443,0.0
2025-10-31,"LEU, SEDG, Q",0.9485595,-0.13302728432299446,-0.0628224785171642,0.0
2025-11-30,"Q, LEU, RKLB",0.9667433,0.19951773785883,0.5124987711428416,0.6666666666666666
2025-12-31,"SEDG, LEU, COHR",0.9656679,0.12289951135746942,0.43956566726076735,0.6666666666666666
2026-01-31,"RKLB, SEDG, MSTR",0.96143913,-0.042739728512529634,0.2616814668314556,0.3333333333333333
2026-02-28,"LEU, MSTR, RKLB",0.97163993,-0.08335397321770584,0.4651107199007593,0.3333333333333333
2026-03-31,"ALAB, LEU, SEDG",0.9559602,0.2772238029578828,1.3726622467535072,0.6666666666666666
2026-04-30,"ALAB, SEDG, MU",0.9510223,0.8064986202692067,1.1645641648830332,1.0
2026-05-31,"ENPH, ALAB, UUUU",0.95444566,-0.025009764594533728,-0.025009764594533728,0.3333333333333333
2026-06-30,"FDXF, SMCI, ARM",0.9607404,-0.0613362025131907,-0.0613362025131907,0.0
2026-07-31,"AMD, COIN, MELI",0.9466491,,,0.0
