strategy,months,total_return_1m_rebalanced,annualized_return_1m_rebalanced,avg_monthly_return_1m,avg_future_max_return_1_3m,avg_boom_hit_rate
baseline_mom_5m,32,18.434235805521777,2.042375397713424,0.12162462503400703,0.4780235078373571,0.47916666666666663
baseline_core_mom_456_avg,32,15.192006682665756,1.8411080646326363,0.117938592162082,0.4723376061605934,0.49999999999999994
baseline_mom_4m,32,15.008123314753028,1.8289655441076587,0.11226749862289423,0.50926672054593,0.5
baseline_mom_6m,32,8.762801459501167,1.3501220729868106,0.09637736694098145,0.4557165775119263,0.47916666666666663
baseline_rel_mom_6m_vs_qqq,32,8.762801459501167,1.3501220729868106,0.09637736694098145,0.4557165775119263,0.47916666666666663
xgb_boom_probability,32,7.227716173990862,1.204092100980025,0.09979951194473552,0.37795571629098296,0.39583333333333326
baseline_mom_3m,32,6.8617711190752395,1.1668065936925012,0.08531422016198047,0.45902083793067106,0.4375
baseline_return_vol_ratio_6m,32,5.107454032022844,0.9710497111093164,0.07505852898574893,0.34710124199383674,0.3958333333333333
baseline_mom_6m_acceleration,32,3.1734893220732623,0.7087842797802022,0.06695731487571523,0.33204913973873096,0.3645833333333333
