boosting_round,dataset,prauc,auc,precision_at_top3,top3_hit30_rate,top3_hit50_rate,monthly_any_top3_hit50_rate,top3_avg_future_return_1m,top3_avg_future_max_return_1_3m
100,train,0.3195370263286763,0.9010250409141545,0.4166666666666667,0.4166666666666667,0.28703703703703703,0.6111111111111112,0.05285046484254147,0.33668824898457045
100,validation,0.20952394235193458,0.8197193736774614,0.3472222222222222,0.3611111111111111,0.25,0.4583333333333333,0.04588832424388164,0.2499661240430908
100,test,0.3094250139501604,0.8512319284695248,0.4270833333333333,0.4270833333333333,0.3125,0.5625,0.13083680843131018,0.45735635176553124
200,train,0.3576677780283502,0.9121715216092443,0.46296296296296297,0.46296296296296297,0.3287037037037037,0.6111111111111112,0.06174493858168573,0.3785711467345192
200,validation,0.20800735255747385,0.8231077275957488,0.3333333333333333,0.3333333333333333,0.19444444444444445,0.4166666666666667,0.03827991273132178,0.27422658103531217
200,test,0.313041904845289,0.8514965577794389,0.4375,0.4375,0.3541666666666667,0.59375,0.10515824368353549,0.49316417015664954
300,train,0.3878698692146023,0.9211066132707026,0.5138888888888888,0.5138888888888888,0.375,0.7361111111111112,0.08768709703065616,0.4260015737148452
300,validation,0.21743820733725613,0.8259875368722781,0.3472222222222222,0.3472222222222222,0.20833333333333334,0.5,0.03521531075284543,0.24960123288202776
300,test,0.3084664860836288,0.8515274340316125,0.4375,0.4375,0.3645833333333333,0.65625,0.14433511078644518,0.561949333306812
400,train,0.4146335168321376,0.9289975631055944,0.5509259259259259,0.5509259259259259,0.4166666666666667,0.7777777777777778,0.10300867499106577,0.45294191995276023
400,validation,0.22187540742394313,0.8280723341789642,0.375,0.375,0.18055555555555555,0.4166666666666667,0.018330740844320417,0.23388651354205336
400,test,0.30996603099192643,0.8517340216528074,0.46875,0.46875,0.375,0.6875,0.19678497083729224,0.619271456944432
500,train,0.44783618661925756,0.9362983042973997,0.5833333333333334,0.5833333333333334,0.4166666666666667,0.7638888888888888,0.11256278250362575,0.46204362235828433
500,validation,0.22427800557771332,0.828765984603963,0.3333333333333333,0.3472222222222222,0.16666666666666666,0.4583333333333333,0.013100439872353705,0.22032754211340658
500,test,0.30767422450757,0.8510581716522466,0.4375,0.4375,0.3854166666666667,0.6875,0.19025855487367452,0.593204836935801
600,train,0.4790587852650057,0.9431776793613877,0.6296296296296297,0.6296296296296297,0.4398148148148148,0.7777777777777778,0.12050819761106403,0.48969543859301407
600,validation,0.22714581894235097,0.8294505782446612,0.3333333333333333,0.3472222222222222,0.16666666666666666,0.4166666666666667,0.016728756632137007,0.2112655059968492
600,test,0.30574848955810524,0.8503477912375577,0.3958333333333333,0.3958333333333333,0.3333333333333333,0.65625,0.14138876365612255,0.5574710377377594
700,train,0.5039254680750896,0.9491538009287627,0.6574074074074074,0.6574074074074074,0.4537037037037037,0.7916666666666666,0.12708414838505253,0.5088328702080437
700,validation,0.22871771222746573,0.8298438660012782,0.3472222222222222,0.3611111111111111,0.18055555555555555,0.4583333333333333,-0.0012184069134604483,0.21901285341085694
700,test,0.30281996511574183,0.8497764106113236,0.4166666666666667,0.4166666666666667,0.34375,0.65625,0.14326570983518844,0.5705877581218743
800,train,0.5265813788375695,0.9545277184800562,0.6898148148148148,0.6898148148148148,0.47685185185185186,0.8194444444444444,0.13986104675445538,0.5331146651962883
800,validation,0.22865092057844438,0.8298516821301956,0.3194444444444444,0.3333333333333333,0.16666666666666666,0.4166666666666667,-0.003525641014262479,0.1977925985994655
800,test,0.30146300966961703,0.8494681862994874,0.4166666666666667,0.4166666666666667,0.3541666666666667,0.65625,0.14512435603518453,0.5675431779982477
900,train,0.5514856638973159,0.959475657033185,0.7268518518518519,0.7268518518518519,0.49074074074074076,0.8333333333333334,0.14982897055095984,0.5430977626955611
900,validation,0.22984249874880824,0.8294302314963693,0.3055555555555556,0.3194444444444444,0.1388888888888889,0.375,-0.01787697373131874,0.17273415265770012
900,test,0.298309235043499,0.8490143337193715,0.4270833333333333,0.4270833333333333,0.3541666666666667,0.65625,0.14854666964101063,0.5659077288083337
1000,train,0.5761616732816547,0.9638209140474222,0.7361111111111112,0.7361111111111112,0.5,0.8333333333333334,0.1529447991065874,0.5396327274111165
1000,validation,0.2291649514954518,0.8286726873191125,0.3194444444444444,0.3333333333333333,0.1527777777777778,0.375,-0.005925682920327697,0.18979679947921765
1000,test,0.29522418300751296,0.8483631280668757,0.4166666666666667,0.4166666666666667,0.34375,0.625,0.1432482046897678,0.5525058519134668
1100,train,0.6031137365468712,0.9678528301439903,0.7407407407407407,0.7407407407407407,0.5046296296296297,0.8333333333333334,0.15295152947785517,0.5429175448040953
1100,validation,0.22899734375408495,0.8281219603943101,0.3055555555555556,0.3194444444444444,0.1527777777777778,0.4166666666666667,-0.014285773207313938,0.17770310646334264
1100,test,0.2932886621845284,0.8475217926853988,0.4270833333333333,0.4270833333333333,0.34375,0.625,0.14787898640091987,0.5581596498233495
1200,train,0.6258690702802021,0.9712211423415273,0.7638888888888888,0.7638888888888888,0.5138888888888888,0.8472222222222222,0.15402504482494575,0.5466930336903427
1200,validation,0.22890351105944134,0.8278505049963673,0.3194444444444444,0.3333333333333333,0.1388888888888889,0.375,-0.005390859363841473,0.1951811534384072
1200,test,0.2917105810858549,0.8467792329840407,0.40625,0.40625,0.3541666666666667,0.625,0.1420263034674188,0.5647400568785785
1300,train,0.6503707035229244,0.974399343157824,0.7777777777777778,0.7777777777777778,0.5185185185185185,0.8611111111111112,0.1556113124377222,0.5486882285060789
1300,validation,0.22775466039335976,0.8273402854698411,0.3055555555555556,0.3194444444444444,0.1388888888888889,0.4166666666666667,0.0015293554919971013,0.18173787700541466
1300,test,0.2909974626538057,0.8463195450755323,0.4166666666666667,0.4166666666666667,0.3541666666666667,0.625,0.12482044162152144,0.5674353969301916
1400,train,0.6755413379929083,0.9771887258010541,0.8055555555555556,0.8055555555555556,0.5324074074074074,0.8611111111111112,0.17008664025025588,0.563931370555745
1400,validation,0.22831350621356333,0.827042466144996,0.3055555555555556,0.3055555555555556,0.125,0.375,-0.01003963672757147,0.1684682277775857
1400,test,0.28991058447093077,0.8455254305310954,0.4166666666666667,0.4166666666666667,0.3541666666666667,0.59375,0.13379085464144194,0.568665481693763
1500,train,0.6975066758255805,0.9796030524786108,0.8287037037037037,0.8287037037037037,0.5416666666666666,0.8888888888888888,0.18122821673852438,0.5778459172605798
1500,validation,0.2275993538499441,0.826531688323547,0.2916666666666667,0.2916666666666667,0.1388888888888889,0.4166666666666667,-0.015956186650741583,0.16553060335070235
1500,test,0.2890162404386911,0.8447035840133755,0.4375,0.4375,0.3645833333333333,0.59375,0.1441337681816066,0.5687775811575557
1600,train,0.7197430999782682,0.9818959451055058,0.8518518518518519,0.8518518518518519,0.5555555555555556,0.9027777777777778,0.1839601959957283,0.5921673325627865
1600,validation,0.2266820544505032,0.8258739548719047,0.2916666666666667,0.3055555555555556,0.1388888888888889,0.4166666666666667,-0.007849761671638623,0.18206755723723672
1600,test,0.2882225961786243,0.8438206081817196,0.4375,0.4375,0.3645833333333333,0.59375,0.14266626560762732,0.5751117081859012
1700,train,0.7430670993245716,0.984100104443789,0.8657407407407407,0.8657407407407407,0.5694444444444444,0.9027777777777778,0.19268834784871622,0.6150484566902705
1700,validation,0.2274221250157635,0.8253617502967646,0.2916666666666667,0.3055555555555556,0.1527777777777778,0.4583333333333333,-0.002517202446522133,0.18351122757346433
1700,test,0.28739981342665377,0.8431328042560052,0.4166666666666667,0.4166666666666667,0.3541666666666667,0.59375,0.1520915264102972,0.5758753588854576
1800,train,0.7649586283171718,0.986000626127909,0.8796296296296297,0.8796296296296297,0.5787037037037037,0.9027777777777778,0.2028078371699777,0.6354154374884057
1800,validation,0.22867002163166902,0.8249892435178238,0.2777777777777778,0.2777777777777778,0.1388888888888889,0.4166666666666667,-0.0029237525813976045,0.16871117459905555
1800,test,0.2847862380954231,0.8421459255867594,0.4375,0.4375,0.3541666666666667,0.59375,0.14981395877489712,0.5823100211197205
1900,train,0.785057037863969,0.9876868069233931,0.8888888888888888,0.8888888888888888,0.5833333333333334,0.9166666666666666,0.19906955117168545,0.6393946269914035
1900,validation,0.2283451506443656,0.8245939086798235,0.2777777777777778,0.2916666666666667,0.125,0.375,-0.009840137571630384,0.16831071613692405
1900,test,0.2838867330264748,0.8414454595649701,0.4375,0.4375,0.3645833333333333,0.625,0.14867737104282905,0.5649965211343153
2000,train,0.8035312338845084,0.9890758443749342,0.8981481481481481,0.8981481481481481,0.5787037037037037,0.9166666666666666,0.2006867571320543,0.6365436729239127
2000,validation,0.2272218595381455,0.8239010026480548,0.2916666666666667,0.3055555555555556,0.1111111111111111,0.3333333333333333,-0.01569491386743364,0.16617612446052712
2000,test,0.28301849991862954,0.8406485123368475,0.4479166666666667,0.4479166666666667,0.375,0.625,0.16078609233732793,0.5767806245727167
2100,train,0.8198857596350048,0.9902883225425912,0.9027777777777778,0.9027777777777778,0.5879629629629629,0.9166666666666666,0.19918247139559042,0.6416866644873253
2100,validation,0.22616850259529375,0.8233623100804738,0.2777777777777778,0.2916666666666667,0.09722222222222222,0.2916666666666667,-0.019154355609855622,0.15405532029117636
2100,test,0.28268018067855966,0.8401034473420532,0.4479166666666667,0.4479166666666667,0.375,0.625,0.1734550078182096,0.5909690429500642
2200,train,0.8372645389687499,0.9915028254069641,0.9074074074074074,0.9074074074074074,0.5972222222222222,0.9166666666666666,0.20592780448307355,0.6425010357920429
2200,validation,0.22553425903754998,0.8226587964451749,0.2916666666666667,0.3055555555555556,0.1111111111111111,0.3333333333333333,-0.013224479253722573,0.16789902631882328
2200,test,0.2808252648059052,0.8392826772441341,0.4375,0.4375,0.3645833333333333,0.625,0.15947561112833647,0.5803013947194319
2300,train,0.8544960379111828,0.9926546486272555,0.9166666666666666,0.9166666666666666,0.6018518518518519,0.9166666666666666,0.20447559246088448,0.6468277193646733
2300,validation,0.22499957034293291,0.8221896426118475,0.2916666666666667,0.3055555555555556,0.125,0.375,-0.008987687659672873,0.17459961410973163
2300,test,0.2804558826692905,0.8386735086175336,0.40625,0.40625,0.3333333333333333,0.59375,0.1413642982669731,0.5602901154374762
2400,train,0.8706037553269276,0.9936269423717832,0.9166666666666666,0.9166666666666666,0.6111111111111112,0.9166666666666666,0.20847694057777247,0.6517900449429177
2400,validation,0.22534279549145866,0.8214652239333341,0.3055555555555556,0.3194444444444444,0.1111111111111111,0.3333333333333333,-0.017750292637560807,0.17010168684568402
2400,test,0.2780373743553523,0.8378049511458375,0.4166666666666667,0.4166666666666667,0.3229166666666667,0.59375,0.15489534308213287,0.5518393867046316
2500,train,0.8842137463281933,0.9944521304393668,0.9166666666666666,0.9166666666666666,0.6111111111111112,0.9166666666666666,0.206266427480557,0.653040581180349
2500,validation,0.22424159794221307,0.8208174777575303,0.2777777777777778,0.2916666666666667,0.1111111111111111,0.3333333333333333,-0.017875284748909485,0.16358991702389783
2500,test,0.2768066377955678,0.8372627188347291,0.4270833333333333,0.4270833333333333,0.3541666666666667,0.59375,0.15355468447263518,0.5753620511258332
2600,train,0.8966570481884686,0.9951426188726182,0.9351851851851852,0.9351851851851852,0.6157407407407407,0.9305555555555556,0.215809022610681,0.6736017775668736
2600,validation,0.2239019000967392,0.8205114080743836,0.2916666666666667,0.3055555555555556,0.125,0.375,-0.007755330872925665,0.1757387172627389
2600,test,0.2757494663720572,0.8366314836022173,0.4375,0.4375,0.34375,0.625,0.15593100134179516,0.5803691335973978
2700,train,0.9080671049609448,0.9957743051470083,0.9398148148148148,0.9398148148148148,0.6203703703703703,0.9305555555555556,0.2203508034873255,0.6826117610279077
2700,validation,0.224030384127483,0.8205578085857324,0.2777777777777778,0.2916666666666667,0.09722222222222222,0.2916666666666667,-0.024142429913648296,0.15328549668097124
2700,test,0.27470601159040725,0.8358818421916452,0.40625,0.40625,0.3229166666666667,0.59375,0.15309475913951082,0.5527689286019228
2800,train,0.9181834926925319,0.996318528343462,0.9537037037037037,0.9537037037037037,0.6203703703703703,0.9305555555555556,0.22127339662521714,0.6850772778033937
2800,validation,0.22392360612283274,0.8203915607643231,0.2916666666666667,0.3055555555555556,0.1111111111111111,0.2916666666666667,-0.0026111927726511744,0.16484850624447203
2800,test,0.2733653106161798,0.8352417689860341,0.40625,0.40625,0.3333333333333333,0.625,0.1432955994023759,0.5537410151445389
2900,train,0.9280622453460284,0.9968248744306016,0.9629629629629629,0.9629629629629629,0.6296296296296297,0.9305555555555556,0.2175447036723812,0.6873094782034657
2900,validation,0.2229667745247998,0.8197135425971582,0.2777777777777778,0.2916666666666667,0.09722222222222222,0.2916666666666667,-0.030205537053444562,0.15243105084451117
2900,test,0.27268457811463254,0.8346548935800396,0.4166666666666667,0.4166666666666667,0.3333333333333333,0.65625,0.1540634722978254,0.5623532927434365
3000,train,0.9368374904104012,0.9972596302980201,0.9629629629629629,0.9629629629629629,0.625,0.9305555555555556,0.21824957234754,0.6859994189728396
3000,validation,0.2223317538166566,0.8189192750205452,0.2777777777777778,0.2916666666666667,0.09722222222222222,0.2916666666666667,-0.03020553705344457,0.15243105084451117
3000,test,0.27164069302235233,0.8340012234927375,0.4166666666666667,0.4166666666666667,0.34375,0.65625,0.15842673738253857,0.5420229744977815
